[{"id":"2","parent_id":null,"name":"Gia \u0111\u00ecnh","description":"<p>Khuy\u1ebfn m&atilde;i<\/p>","logo_uri":["data_files\/\/categories\/image\/201603\/22\/gd1_huxqr.JPG"],"weight":null,"status":"2","user_id":null,"created":"2015-09-17 06:16:03","modified":"2016-03-23 01:48:35"},{"id":"1","parent_id":null,"name":"H\u00e0ng Nam","description":"<p>B&aacute;n ch\u1ea1y<\/p>","logo_uri":["data_files\/\/categories\/image\/201603\/22\/diem-g-cua-dan-ong-1_avcxo.jpg"],"weight":null,"status":"2","user_id":null,"created":"2015-09-13 19:28:19","modified":"2016-03-22 15:59:27"},{"id":"4","parent_id":null,"name":"H\u00e0ng N\u1eef","description":"<p><span style=\"font-size: 12pt;\">H&agrave;ng d&agrave;nh cho ph&aacute;i \u0111\u1eb9p<\/span><\/p>","logo_uri":["data_files\/\/categories\/image\/201603\/22\/new-new-hoa-hau-ngoc-anh_ocvgy.jpg"],"weight":"0","status":"2","user_id":null,"created":"2015-09-17 06:29:29","modified":"2016-03-22 13:48:06"},{"id":"6","parent_id":null,"name":"C\u1ef1c S\u1ed1c","description":"","logo_uri":["data_files\/\/categories\/image\/201603\/22\/82648406-180_infqh.jpg"],"weight":"1","status":"2","user_id":null,"created":"2016-03-15 08:24:13","modified":"2016-03-22 15:21:10"},{"id":"5","parent_id":null,"name":"H\u00e0ng HOT","description":"","logo_uri":["data_files\/\/categories\/image\/201603\/22\/doi-moi-dep1-1421219834_vxcxh.jpg"],"weight":"2","status":"2","user_id":null,"created":"2016-03-13 13:33:39","modified":"2016-03-22 15:56:15"}]