[{"id":"4","region_id":"2","notification_group_id":null,"name":"Khuy\u1ebfn m\u00e3i gi\u1ea3m gi\u00e1 30% \u0111\u1ed1i v\u1edbi t\u1ea5t c\u1ea3 c\u00e1c \u0111\u01a1n h\u00e0ng > 3 tri\u1ec7u \u0111\u1ed3ng qu\u1eadn Ba \u0110\u00ecnh th\u00e1ng 10","description":"<p>Khuy\u1ebfn m&atilde;i gi\u1ea3m gi&aacute; 30% \u0111\u1ed1i v\u1edbi t\u1ea5t c\u1ea3 c&aacute;c \u0111\u01a1n h&agrave;ng &gt; 3 tri\u1ec7u \u0111\u1ed3ng qu\u1eadn Ho&agrave;n Ki\u1ebfm th&aacute;ng 10<\/p>","begin_at":"2015-10-25 22:34:20","end_at":"2015-10-31 22:32:35","weight":null,"status":"2","user_id":null,"created":"2015-10-25 16:35:03","modified":"2015-10-25 16:35:03"},{"id":"5","region_id":"2","notification_group_id":null,"name":"Khuy\u1ebfn m\u00e3i gi\u1ea3m gi\u00e1 70% \u0111\u1ed1i v\u1edbi t\u1ea5t c\u1ea3 c\u00e1c \u0111\u01a1n h\u00e0ng > 30 tri\u1ec7u \u0111\u1ed3ng qu\u1eadn Ba \u0110\u00ecnh th\u00e1ng 10","description":"<p>Khuy\u1ebfn m&atilde;i gi\u1ea3m gi&aacute; 70% \u0111\u1ed1i v\u1edbi t\u1ea5t c\u1ea3 c&aacute;c \u0111\u01a1n h&agrave;ng &gt; 30 tri\u1ec7u \u0111\u1ed3ng qu\u1eadn Ba \u0110&igrave;nh th&aacute;ng 10<\/p>","begin_at":"2015-10-25 22:34:20","end_at":"2015-11-30 21:39:22","weight":null,"status":"2","user_id":null,"created":"2015-10-25 16:35:38","modified":"2015-11-07 15:39:26"},{"id":"6","region_id":"2","notification_group_id":null,"name":"Khuy\u1ebfn m\u00e3i gi\u1ea3m gi\u00e1 80% \u0111\u1ed1i v\u1edbi t\u1ea5t c\u1ea3 c\u00e1c \u0111\u01a1n h\u00e0ng > 300 tri\u1ec7u \u0111\u1ed3ng qu\u1eadn Ba \u0110\u00ecnh th\u00e1ng 10","description":"<p>Khuy\u1ebfn m&atilde;i gi\u1ea3m gi&aacute; 80% \u0111\u1ed1i v\u1edbi t\u1ea5t c\u1ea3 c&aacute;c \u0111\u01a1n h&agrave;ng &gt; 300 tri\u1ec7u \u0111\u1ed3ng qu\u1eadn Ba \u0110&igrave;nh th&aacute;ng 10<\/p>","begin_at":"2015-10-25 22:34:20","end_at":"2015-12-01 21:32:08","weight":null,"status":"2","user_id":null,"created":"2015-10-25 16:36:00","modified":"2015-11-07 15:38:32"}]