[{"id":"1","region_id":"3","notification_group_id":null,"name":"Khuy\u1ebfn m\u00e3i s\u1ed1c gi\u1ea3m gi\u00e1 20% th\u00e1ng 10 cho Qu\u1eadn Ho\u00e0n Ki\u1ebfm","description":"<p>Khuy\u1ebfn m&atilde;i s\u1ed1c gi\u1ea3m gi&aacute; 20% th&aacute;ng 10 cho Qu\u1eadn Ho&agrave;n Ki\u1ebfm<\/p>","begin_at":"2015-10-25 19:42:47","end_at":"2015-10-31 23:59:59","weight":null,"status":"2","user_id":null,"created":"2015-10-25 13:46:05","modified":"2015-10-25 13:46:05"},{"id":"2","region_id":"3","notification_group_id":null,"name":"Khuy\u1ebfn m\u00e3i gi\u1ea3m gi\u00e1 50% \u0111\u1ed1i v\u1edbi t\u1ea5t c\u1ea3 ph\u1ee5 n\u1eef nh\u00e2n ng\u00e0y 20\/10 cho qu\u1eadn Ho\u00e0n Ki\u1ebfm","description":"<p>Khuy\u1ebfn m&atilde;i gi\u1ea3m gi&aacute; 50% \u0111\u1ed1i v\u1edbi t\u1ea5t c\u1ea3 ph\u1ee5 n\u1eef nh&acirc;n ng&agrave;y 20\/10 cho qu\u1eadn Ho&agrave;n Ki\u1ebfm<\/p>","begin_at":"2015-10-20 22:32:31","end_at":"2015-10-31 22:32:35","weight":null,"status":"2","user_id":null,"created":"2015-10-25 16:32:43","modified":"2015-10-25 16:32:43"},{"id":"3","region_id":"3","notification_group_id":null,"name":"Khuy\u1ebfn m\u00e3i gi\u1ea3m gi\u00e1 30% \u0111\u1ed1i v\u1edbi t\u1ea5t c\u1ea3 c\u00e1c \u0111\u01a1n h\u00e0ng > 3 tri\u1ec7u \u0111\u1ed3ng qu\u1eadn Ho\u00e0n Ki\u1ebfm th\u00e1ng 10","description":"<p>Khuy\u1ebfn m&atilde;i gi\u1ea3m gi&aacute; 30% \u0111\u1ed1i v\u1edbi t\u1ea5t c\u1ea3 c&aacute;c \u0111\u01a1n h&agrave;ng &gt; 3 tri\u1ec7u \u0111\u1ed3ng qu\u1eadn Ho&agrave;n Ki\u1ebfm th&aacute;ng 10<\/p>","begin_at":"2015-10-25 22:34:20","end_at":"2015-11-30 01:30:02","weight":null,"status":"2","user_id":null,"created":"2015-10-25 16:34:34","modified":"2015-11-09 19:30:13"}]